npv,comparison,investition,t_unsupported,improved_time,matLevel,prodFeat,treeMatchAlgo,alreadyImplemented,n_prodFeat
0.0,130.0,0,650,650.0,2,0,1,1,9
-4230.98631262615,23435.781333333332,1000,650,512.24,2,1,1,0,9
-4189.136577708006,23423.333333333332,1000,650,450.0,3,0,1,0,9
-8420.122890334154,46729.11466666666,2000,650,312.24,3,1,1,0,9
