npv,comparison,investition,t_unsupported, improved_time,matLevel,prodFeat,treeMatchAlgo
0.0,13000.0,0,650,650.0,2,0,1
-3383.186778846154,34078.13333333333,1000,650,512.24,2,1,1
-3171.574519230769,32833.33333333333,1000,650,450.0,3,0,1
-6554.761298076924,53911.46666666667,2000,650,312.24,3,1,1
