npv,comparison,investition,t_unsupported,t_supported,matLevel,prodFeat,treeMatchAlgo
290.40912828947364,17200.0,0,950,860.0,1,0,1
-3589.807072368421,41210.933333333334,1000,950,868.88,1,1,1
-3641.8225740131584,41533.33333333333,1000,950,885.0,2,0,1
-7522.038774671053,65544.26666666666,2000,950,893.88,2,1,1
-7557.920435855263,65766.66666666666,2000,950,905.0,3,0,1
-11438.136636513158,89777.6,3000,950,913.88,3,1,1
